{  "@timestamp": "2019-07-11T16:03:17.715Z",  "@metadata": {    "beat": "pubsubbeat",    "type": "doc",    "version": "6.2.2"  },  "message_id": "650455703601110",  "publish_time": "2019-07-11T16:05:22.222Z",  "beat": {    "name": "jzopencollector.localdomain",    "hostname": "jzopencollector.localdomain",    "version": "6.2.2"  },  "message": "JZ rocks",  "type": "jzopencollector.localdomain"}
{  "@timestamp": "2019-07-11T16:05:29.169Z",  "@metadata": {    "beat": "pubsubbeat",    "type": "doc",    "version": "6.2.2"  },  "type": "jzopencollector.localdomain",  "message_id": "650455703684318",  "publish_time": "2019-07-11T16:07:33.704Z",  "message": "Whatever I want",  "beat": {    "name": "jzopencollector.localdomain",    "hostname": "jzopencollector.localdomain",    "version": "6.2.2"  }}
{  "@timestamp": "2019-07-11T16:28:11.306Z",  "@metadata": {    "beat": "pubsubbeat",    "type": "doc",    "version": "6.2.2"  },  "message": "Andrew is going home",  "type": "jzopencollector.localdomain",  "message_id": "650456083869799",  "publish_time": "2019-07-11T16:30:15.840Z",  "beat": {    "name": "jzopencollector.localdomain",    "hostname": "jzopencollector.localdomain",    "version": "6.2.2"  }}
{  "@timestamp": "2019-07-11T17:07:14.506Z",  "@metadata": {    "beat": "pubsubbeat",    "type": "doc",    "version": "6.2.2"  },  "type": "jzopencollector.localdomain",  "message_id": "612752041643074",  "publish_time": "2019-07-11T17:09:18.383Z",  "message": "{\"insertId\":\"1iy2930f3xqlcs\",\"jsonPayload\":{\"actor\":{\"user\":\"tmasse77@gmail.com\"},\"event_subtype\":\"compute.instances.stop\",\"event_timestamp_us\":\"1562864957188492\",\"event_type\":\"GCE_API_CALL\",\"ip_address\":\"\",\"operation\":{\"id\":\"5235552903964054482\",\"name\":\"operation-1562864956387-58d6ada8eb20b-10b4f0e0-98f06ac0\",\"type\":\"operation\",\"zone\":\"europe-west2-c\"},\"request\":{\"body\":\"null\",\"url\":\"https://www.googleapis.com/compute/v1/projects/dans-project-246409/zones/europe-west2-c/instances/instance-1/stop?key=AIzaSyDSodt0Zfdm6HAYoNjRFro8odqM5qeppJM\"},\"resource\":{\"id\":\"2119558395618573823\",\"name\":\"instance-1\",\"type\":\"instance\",\"zone\":\"europe-west2-c\"},\"trace_id\":\"operation-1562864956387-58d6ada8eb20b-10b4f0e0-98f06ac0\",\"user_agent\":\"Mozilla/5.0 (Windows NT 10.0; Win64; x64) AppleWebKit/537.36 (KHTML, like Gecko) Chrome/75.0.3770.100 Safari/537.36,gzip(gfe)\",\"version\":\"1.2\"},\"labels\":{\"compute.googleapis.com/resource_id\":\"2119558395618573823\",\"compute.googleapis.com/resource_name\":\"instance-1\",\"compute.googleapis.com/resource_type\":\"instance\",\"compute.googleapis.com/resource_zone\":\"europe-west2-c\"},\"logName\":\"projects/dans-project-246409/logs/compute.googleapis.com%2Factivity_log\",\"receiveTimestamp\":\"2019-07-11T17:09:17.269030579Z\",\"resource\":{\"labels\":{\"instance_id\":\"2119558395618573823\",\"project_id\":\"dans-project-246409\",\"zone\":\"europe-west2-c\"},\"type\":\"gce_instance\"},\"severity\":\"INFO\",\"timestamp\":\"2019-07-11T17:09:17.188492Z\"}",  "beat": {    "name": "jzopencollector.localdomain",    "hostname": "jzopencollector.localdomain",    "version": "6.2.2"  },  "attributes": {    "logging.googleapis.com/timestamp": "2019-07-11T17:09:17.188492Z"  }}
{  "@timestamp": "2019-07-11T17:07:15.532Z",  "@metadata": {    "beat": "pubsubbeat",    "type": "doc",    "version": "6.2.2"  },  "type": "jzopencollector.localdomain",  "message_id": "612752161892020",  "publish_time": "2019-07-11T17:09:19.372Z",  "message": "{\"insertId\":\"y4ygqddtt56\",\"logName\":\"projects/dans-project-246409/logs/cloudaudit.googleapis.com%2Factivity\",\"operation\":{\"first\":true,\"id\":\"operation-1562864956387-58d6ada8eb20b-10b4f0e0-98f06ac0\",\"producer\":\"type.googleapis.com\"},\"protoPayload\":{\"@type\":\"type.googleapis.com/google.cloud.audit.AuditLog\",\"authenticationInfo\":{\"principalEmail\":\"tmasse77@gmail.com\"},\"authorizationInfo\":[{\"granted\":true,\"permission\":\"compute.instances.stop\",\"resourceAttributes\":{\"name\":\"projects/dans-project-246409/zones/europe-west2-c/instances/instance-1\",\"service\":\"compute\",\"type\":\"compute.instances\"}}],\"methodName\":\"v1.compute.instances.stop\",\"request\":{\"@type\":\"type.googleapis.com/compute.instances.stop\"},\"requestMetadata\":{\"callerIp\":\"178.236.148.94\",\"callerSuppliedUserAgent\":\"Mozilla/5.0 (Windows NT 10.0; Win64; x64) AppleWebKit/537.36 (KHTML, like Gecko) Chrome/75.0.3770.100 Safari/537.36,gzip(gfe)\",\"destinationAttributes\":{},\"requestAttributes\":{\"auth\":{},\"reason\":\"8uSywAY4GjZGb3IgYmFja2dyb3VuZCBvcGVyYXRpb25zIGluIEdvb2dsZSBEZXZlbG9wZXJzIENvbnNvbGU\",\"time\":\"2019-07-11T17:09:17.223Z\"}},\"resourceLocation\":{\"currentLocations\":[\"europe-west2-c\"]},\"resourceName\":\"projects/dans-project-246409/zones/europe-west2-c/instances/instance-1\",\"response\":{\"@type\":\"type.googleapis.com/operation\",\"id\":\"5235552903964054482\",\"insertTime\":\"2019-07-11T10:09:17.025-07:00\",\"name\":\"operation-1562864956387-58d6ada8eb20b-10b4f0e0-98f06ac0\",\"operationType\":\"stop\",\"progress\":\"0\",\"selfLink\":\"https://www.googleapis.com/compute/v1/projects/dans-project-246409/zones/europe-west2-c/operations/operation-1562864956387-58d6ada8eb20b-10b4f0e0-98f06ac0\",\"selfLinkWithId\":\"https://www.googleapis.com/compute/v1/projects/dans-project-246409/zones/europe-west2-c/operations/5235552903964054482\",\"startTime\":\"2019-07-11T10:09:17.072-07:00\",\"status\":\"RUNNING\",\"targetId\":\"2119558395618573823\",\"targetLink\":\"https://www.googleapis.com/compute/v1/projects/dans-project-246409/zones/europe-west2-c/instances/instance-1\",\"user\":\"tmasse77@gmail.com\",\"zone\":\"https://www.googleapis.com/compute/v1/projects/dans-project-246409/zones/europe-west2-c\"},\"serviceName\":\"compute.googleapis.com\"},\"receiveTimestamp\":\"2019-07-11T17:09:18.112697864Z\",\"resource\":{\"labels\":{\"instance_id\":\"2119558395618573823\",\"project_id\":\"dans-project-246409\",\"zone\":\"europe-west2-c\"},\"type\":\"gce_instance\"},\"severity\":\"NOTICE\",\"timestamp\":\"2019-07-11T17:09:16.692Z\"}",  "attributes": {    "logging.googleapis.com/timestamp": "2019-07-11T17:09:16.692Z"  },  "beat": {    "hostname": "jzopencollector.localdomain",    "version": "6.2.2",    "name": "jzopencollector.localdomain"  }}
{  "@timestamp": "2019-07-11T17:07:31.648Z",  "@metadata": {    "beat": "pubsubbeat",    "type": "doc",    "version": "6.2.2"  },  "attributes": {    "logging.googleapis.com/timestamp": "2019-07-11T17:09:34.497456Z"  },  "type": "jzopencollector.localdomain",  "message_id": "612753189088046",  "beat": {    "name": "jzopencollector.localdomain",    "hostname": "jzopencollector.localdomain",    "version": "6.2.2"  },  "publish_time": "2019-07-11T17:09:35.495Z",  "message": "{\"insertId\":\"166kvi3eft6m9\",\"jsonPayload\":{\"actor\":{\"user\":\"tmasse77@gmail.com\"},\"event_subtype\":\"compute.instances.stop\",\"event_timestamp_us\":\"1562864974497456\",\"event_type\":\"GCE_OPERATION_DONE\",\"operation\":{\"id\":\"5235552903964054482\",\"name\":\"operation-1562864956387-58d6ada8eb20b-10b4f0e0-98f06ac0\",\"type\":\"operation\",\"zone\":\"europe-west2-c\"},\"resource\":{\"id\":\"2119558395618573823\",\"name\":\"instance-1\",\"type\":\"instance\",\"zone\":\"europe-west2-c\"},\"trace_id\":\"operation-1562864956387-58d6ada8eb20b-10b4f0e0-98f06ac0\",\"version\":\"1.2\"},\"labels\":{\"compute.googleapis.com/resource_id\":\"2119558395618573823\",\"compute.googleapis.com/resource_name\":\"instance-1\",\"compute.googleapis.com/resource_type\":\"instance\",\"compute.googleapis.com/resource_zone\":\"europe-west2-c\"},\"logName\":\"projects/dans-project-246409/logs/compute.googleapis.com%2Factivity_log\",\"receiveTimestamp\":\"2019-07-11T17:09:34.566409604Z\",\"resource\":{\"labels\":{\"instance_id\":\"2119558395618573823\",\"project_id\":\"dans-project-246409\",\"zone\":\"europe-west2-c\"},\"type\":\"gce_instance\"},\"severity\":\"INFO\",\"timestamp\":\"2019-07-11T17:09:34.497456Z\"}"}
{  "@timestamp": "2019-07-11T17:07:32.148Z",  "@metadata": {    "beat": "pubsubbeat",    "type": "doc",    "version": "6.2.2"  },  "type": "jzopencollector.localdomain",  "message_id": "612752664315723",  "publish_time": "2019-07-11T17:09:36.174Z",  "message": "{\"insertId\":\"-xk0xptd7dp8\",\"logName\":\"projects/dans-project-246409/logs/cloudaudit.googleapis.com%2Factivity\",\"operation\":{\"id\":\"operation-1562864956387-58d6ada8eb20b-10b4f0e0-98f06ac0\",\"last\":true,\"producer\":\"compute.googleapis.com\"},\"protoPayload\":{\"@type\":\"type.googleapis.com/google.cloud.audit.AuditLog\",\"authenticationInfo\":{\"principalEmail\":\"tmasse77@gmail.com\"},\"methodName\":\"v1.compute.instances.stop\",\"request\":{\"@type\":\"type.googleapis.com/compute.instances.stop\"},\"requestMetadata\":{\"callerIp\":\"178.236.148.94\",\"callerSuppliedUserAgent\":\"Mozilla/5.0 (Windows NT 10.0; Win64; x64) AppleWebKit/537.36 (KHTML, like Gecko) Chrome/75.0.3770.100 Safari/537.36,gzip(gfe)\"},\"resourceName\":\"projects/dans-project-246409/zones/europe-west2-c/instances/instance-1\",\"serviceName\":\"compute.googleapis.com\"},\"receiveTimestamp\":\"2019-07-11T17:09:34.637911872Z\",\"resource\":{\"labels\":{\"instance_id\":\"2119558395618573823\",\"project_id\":\"dans-project-246409\",\"zone\":\"europe-west2-c\"},\"type\":\"gce_instance\"},\"severity\":\"NOTICE\",\"timestamp\":\"2019-07-11T17:09:34.413Z\"}",  "attributes": {    "logging.googleapis.com/timestamp": "2019-07-11T17:09:34.413Z"  },  "beat": {    "name": "jzopencollector.localdomain",    "hostname": "jzopencollector.localdomain",    "version": "6.2.2"  }}
{  "@timestamp": "2019-07-12T06:58:59.667Z",  "@metadata": {    "beat": "pubsubbeat",    "type": "doc",    "version": "6.2.2"  },  "type": "jzopencollector.localdomain",  "message_id": "613451272759432",  "publish_time": "2019-07-12T07:00:43.228Z",  "message": "{\"insertId\":\"-rqbgeudolj8\",\"logName\":\"projects/dans-project-246409/logs/cloudaudit.googleapis.com%2Factivity\",\"operation\":{\"first\":true,\"id\":\"operation-1562914841067-58d7677ea7e5f-6b0ebf0f-c9b45e8a\",\"producer\":\"type.googleapis.com\"},\"protoPayload\":{\"@type\":\"type.googleapis.com/google.cloud.audit.AuditLog\",\"authenticationInfo\":{\"principalEmail\":\"dan.crossley@gmail.com\"},\"authorizationInfo\":[{\"granted\":true,\"permission\":\"compute.instances.start\",\"resourceAttributes\":{\"name\":\"projects/dans-project-246409/zones/europe-west2-c/instances/instance-1\",\"service\":\"compute\",\"type\":\"compute.instances\"}}],\"methodName\":\"v1.compute.instances.start\",\"request\":{\"@type\":\"type.googleapis.com/compute.instances.start\"},\"requestMetadata\":{\"callerIp\":\"85.255.235.182\",\"callerSuppliedUserAgent\":\"Mozilla/5.0 (Macintosh; Intel Mac OS X 10_14_5) AppleWebKit/537.36 (KHTML, like Gecko) Chrome/75.0.3770.100 Safari/537.36,gzip(gfe)\",\"destinationAttributes\":{},\"requestAttributes\":{\"auth\":{},\"reason\":\"8uSywAY4GjZGb3IgYmFja2dyb3VuZCBvcGVyYXRpb25zIGluIEdvb2dsZSBEZXZlbG9wZXJzIENvbnNvbGU\",\"time\":\"2019-07-12T07:00:41.863Z\"}},\"resourceLocation\":{\"currentLocations\":[\"europe-west2-c\"]},\"resourceName\":\"projects/dans-project-246409/zones/europe-west2-c/instances/instance-1\",\"response\":{\"@type\":\"type.googleapis.com/operation\",\"id\":\"2742768247735946998\",\"insertTime\":\"2019-07-12T00:00:41.662-07:00\",\"name\":\"operation-1562914841067-58d7677ea7e5f-6b0ebf0f-c9b45e8a\",\"operationType\":\"start\",\"progress\":\"0\",\"selfLink\":\"https://www.googleapis.com/compute/v1/projects/dans-project-246409/zones/europe-west2-c/operations/operation-1562914841067-58d7677ea7e5f-6b0ebf0f-c9b45e8a\",\"selfLinkWithId\":\"https://www.googleapis.com/compute/v1/projects/dans-project-246409/zones/europe-west2-c/operations/2742768247735946998\",\"startTime\":\"2019-07-12T00:00:41.711-07:00\",\"status\":\"RUNNING\",\"targetId\":\"2119558395618573823\",\"targetLink\":\"https://www.googleapis.com/compute/v1/projects/dans-project-246409/zones/europe-west2-c/instances/instance-1\",\"user\":\"dan.crossley@gmail.com\",\"zone\":\"https://www.googleapis.com/compute/v1/projects/dans-project-246409/zones/europe-west2-c\"},\"serviceName\":\"compute.googleapis.com\"},\"receiveTimestamp\":\"2019-07-12T07:00:42.561457917Z\",\"resource\":{\"labels\":{\"instance_id\":\"2119558395618573823\",\"project_id\":\"dans-project-246409\",\"zone\":\"europe-west2-c\"},\"type\":\"gce_instance\"},\"severity\":\"NOTICE\",\"timestamp\":\"2019-07-12T07:00:41.196Z\"}",  "attributes": {    "logging.googleapis.com/timestamp": "2019-07-12T07:00:41.196Z"  },  "beat": {    "name": "jzopencollector.localdomain",    "hostname": "jzopencollector.localdomain",    "version": "6.2.2"  }}
{  "@timestamp": "2019-07-12T06:59:00.225Z",  "@metadata": {    "beat": "pubsubbeat",    "type": "doc",    "version": "6.2.2"  },  "attributes": {    "logging.googleapis.com/timestamp": "2019-07-12T07:00:41.846857Z"  },  "beat": {    "name": "jzopencollector.localdomain",    "hostname": "jzopencollector.localdomain",    "version": "6.2.2"  },  "type": "jzopencollector.localdomain",  "message_id": "613438194968115",  "publish_time": "2019-07-12T07:00:43.110Z",  "message": "{\"insertId\":\"1deat1ef42ez9b\",\"jsonPayload\":{\"actor\":{\"user\":\"dan.crossley@gmail.com\"},\"event_subtype\":\"compute.instances.start\",\"event_timestamp_us\":\"1562914841846857\",\"event_type\":\"GCE_API_CALL\",\"ip_address\":\"\",\"operation\":{\"id\":\"2742768247735946998\",\"name\":\"operation-1562914841067-58d7677ea7e5f-6b0ebf0f-c9b45e8a\",\"type\":\"operation\",\"zone\":\"europe-west2-c\"},\"request\":{\"body\":\"null\",\"url\":\"https://www.googleapis.com/compute/v1/projects/dans-project-246409/zones/europe-west2-c/instances/instance-1/start?key=AIzaSyDSodt0Zfdm6HAYoNjRFro8odqM5qeppJM\"},\"resource\":{\"id\":\"2119558395618573823\",\"name\":\"instance-1\",\"type\":\"instance\",\"zone\":\"europe-west2-c\"},\"trace_id\":\"operation-1562914841067-58d7677ea7e5f-6b0ebf0f-c9b45e8a\",\"user_agent\":\"Mozilla/5.0 (Macintosh; Intel Mac OS X 10_14_5) AppleWebKit/537.36 (KHTML, like Gecko) Chrome/75.0.3770.100 Safari/537.36,gzip(gfe)\",\"version\":\"1.2\"},\"labels\":{\"compute.googleapis.com/resource_id\":\"2119558395618573823\",\"compute.googleapis.com/resource_name\":\"instance-1\",\"compute.googleapis.com/resource_type\":\"instance\",\"compute.googleapis.com/resource_zone\":\"europe-west2-c\"},\"logName\":\"projects/dans-project-246409/logs/compute.googleapis.com%2Factivity_log\",\"receiveTimestamp\":\"2019-07-12T07:00:41.906524511Z\",\"resource\":{\"labels\":{\"instance_id\":\"2119558395618573823\",\"project_id\":\"dans-project-246409\",\"zone\":\"europe-west2-c\"},\"type\":\"gce_instance\"},\"severity\":\"INFO\",\"timestamp\":\"2019-07-12T07:00:41.846857Z\"}"}
{  "@timestamp": "2019-07-12T06:59:00.764Z",  "@metadata": {    "beat": "pubsubbeat",    "type": "doc",    "version": "6.2.2"  },  "type": "jzopencollector.localdomain",  "message_id": "613452948090405",  "publish_time": "2019-07-12T07:00:47.445Z",  "message": "{\"insertId\":\"ibinjpd6x9m\",\"logName\":\"projects/dans-project-246409/logs/cloudaudit.googleapis.com%2Factivity\",\"operation\":{\"id\":\"operation-1562914841067-58d7677ea7e5f-6b0ebf0f-c9b45e8a\",\"last\":true,\"producer\":\"compute.googleapis.com\"},\"protoPayload\":{\"@type\":\"type.googleapis.com/google.cloud.audit.AuditLog\",\"authenticationInfo\":{\"principalEmail\":\"dan.crossley@gmail.com\"},\"methodName\":\"v1.compute.instances.start\",\"request\":{\"@type\":\"type.googleapis.com/compute.instances.start\"},\"requestMetadata\":{\"callerIp\":\"85.255.235.182\",\"callerSuppliedUserAgent\":\"Mozilla/5.0 (Macintosh; Intel Mac OS X 10_14_5) AppleWebKit/537.36 (KHTML, like Gecko) Chrome/75.0.3770.100 Safari/537.36,gzip(gfe)\"},\"resourceName\":\"projects/dans-project-246409/zones/europe-west2-c/instances/instance-1\",\"serviceName\":\"compute.googleapis.com\"},\"receiveTimestamp\":\"2019-07-12T07:00:46.750011561Z\",\"resource\":{\"labels\":{\"instance_id\":\"2119558395618573823\",\"project_id\":\"dans-project-246409\",\"zone\":\"europe-west2-c\"},\"type\":\"gce_instance\"},\"severity\":\"NOTICE\",\"timestamp\":\"2019-07-12T07:00:46.281Z\"}",  "attributes": {    "logging.googleapis.com/timestamp": "2019-07-12T07:00:46.281Z"  },  "beat": {    "name": "jzopencollector.localdomain",    "hostname": "jzopencollector.localdomain",    "version": "6.2.2"  }}
{  "@timestamp": "2019-07-12T06:59:01.206Z",  "@metadata": {    "beat": "pubsubbeat",    "type": "doc",    "version": "6.2.2"  },  "type": "jzopencollector.localdomain",  "message_id": "613446973455198",  "beat": {    "hostname": "jzopencollector.localdomain",    "version": "6.2.2",    "name": "jzopencollector.localdomain"  },  "publish_time": "2019-07-12T07:00:47.745Z",  "message": "{\"insertId\":\"ivpuh6f3zyc03\",\"jsonPayload\":{\"actor\":{\"user\":\"dan.crossley@gmail.com\"},\"event_subtype\":\"compute.instances.start\",\"event_timestamp_us\":\"1562914846348090\",\"event_type\":\"GCE_OPERATION_DONE\",\"operation\":{\"id\":\"2742768247735946998\",\"name\":\"operation-1562914841067-58d7677ea7e5f-6b0ebf0f-c9b45e8a\",\"type\":\"operation\",\"zone\":\"europe-west2-c\"},\"resource\":{\"id\":\"2119558395618573823\",\"name\":\"instance-1\",\"type\":\"instance\",\"zone\":\"europe-west2-c\"},\"trace_id\":\"operation-1562914841067-58d7677ea7e5f-6b0ebf0f-c9b45e8a\",\"version\":\"1.2\"},\"labels\":{\"compute.googleapis.com/resource_id\":\"2119558395618573823\",\"compute.googleapis.com/resource_name\":\"instance-1\",\"compute.googleapis.com/resource_type\":\"instance\",\"compute.googleapis.com/resource_zone\":\"europe-west2-c\"},\"logName\":\"projects/dans-project-246409/logs/compute.googleapis.com%2Factivity_log\",\"receiveTimestamp\":\"2019-07-12T07:00:46.431770719Z\",\"resource\":{\"labels\":{\"instance_id\":\"2119558395618573823\",\"project_id\":\"dans-project-246409\",\"zone\":\"europe-west2-c\"},\"type\":\"gce_instance\"},\"severity\":\"INFO\",\"timestamp\":\"2019-07-12T07:00:46.34809Z\"}",  "attributes": {    "logging.googleapis.com/timestamp": "2019-07-12T07:00:46.34809Z"  }}
{  "@timestamp": "2019-07-12T07:07:39.313Z",  "@metadata": {    "beat": "pubsubbeat",    "type": "doc",    "version": "6.2.2"  },  "message": "{\"insertId\":\"14sd9xtfacnr2g\",\"jsonPayload\":{\"actor\":{\"user\":\"dan.crossley@gmail.com\"},\"event_subtype\":\"compute.instances.stop\",\"event_timestamp_us\":\"1562915383971793\",\"event_type\":\"GCE_API_CALL\",\"ip_address\":\"\",\"operation\":{\"id\":\"4023798074047827160\",\"name\":\"operation-1562915383430-58d76983e4c3e-9da1c4a6-f1ee4089\",\"type\":\"operation\",\"zone\":\"europe-west2-c\"},\"request\":{\"body\":\"null\",\"url\":\"https://www.googleapis.com/compute/v1/projects/dans-project-246409/zones/europe-west2-c/instances/instance-1/stop?key=AIzaSyDSodt0Zfdm6HAYoNjRFro8odqM5qeppJM\"},\"resource\":{\"id\":\"2119558395618573823\",\"name\":\"instance-1\",\"type\":\"instance\",\"zone\":\"europe-west2-c\"},\"trace_id\":\"operation-1562915383430-58d76983e4c3e-9da1c4a6-f1ee4089\",\"user_agent\":\"Mozilla/5.0 (Macintosh; Intel Mac OS X 10_14_5) AppleWebKit/537.36 (KHTML, like Gecko) Chrome/75.0.3770.100 Safari/537.36,gzip(gfe)\",\"version\":\"1.2\"},\"labels\":{\"compute.googleapis.com/resource_id\":\"2119558395618573823\",\"compute.googleapis.com/resource_name\":\"instance-1\",\"compute.googleapis.com/resource_type\":\"instance\",\"compute.googleapis.com/resource_zone\":\"europe-west2-c\"},\"logName\":\"projects/dans-project-246409/logs/compute.googleapis.com%2Factivity_log\",\"receiveTimestamp\":\"2019-07-12T07:09:44.023686861Z\",\"resource\":{\"labels\":{\"instance_id\":\"2119558395618573823\",\"project_id\":\"dans-project-246409\",\"zone\":\"europe-west2-c\"},\"type\":\"gce_instance\"},\"severity\":\"INFO\",\"timestamp\":\"2019-07-12T07:09:43.971793Z\"}",  "attributes": {    "logging.googleapis.com/timestamp": "2019-07-12T07:09:43.971793Z"  },  "beat": {    "name": "jzopencollector.localdomain",    "hostname": "jzopencollector.localdomain",    "version": "6.2.2"  },  "type": "jzopencollector.localdomain",  "message_id": "613452556371715",  "publish_time": "2019-07-12T07:09:45.168Z"}
{  "@timestamp": "2019-07-12T07:07:39.314Z",  "@metadata": {    "beat": "pubsubbeat",    "type": "doc",    "version": "6.2.2"  },  "type": "jzopencollector.localdomain",  "message_id": "613454855654281",  "publish_time": "2019-07-12T07:09:44.994Z",  "message": "{\"insertId\":\"14sd9xtfacnr2g\",\"jsonPayload\":{\"actor\":{\"user\":\"dan.crossley@gmail.com\"},\"event_subtype\":\"compute.instances.stop\",\"event_timestamp_us\":\"1562915383971793\",\"event_type\":\"GCE_API_CALL\",\"ip_address\":\"\",\"operation\":{\"id\":\"4023798074047827160\",\"name\":\"operation-1562915383430-58d76983e4c3e-9da1c4a6-f1ee4089\",\"type\":\"operation\",\"zone\":\"europe-west2-c\"},\"request\":{\"body\":\"null\",\"url\":\"https://www.googleapis.com/compute/v1/projects/dans-project-246409/zones/europe-west2-c/instances/instance-1/stop?key=AIzaSyDSodt0Zfdm6HAYoNjRFro8odqM5qeppJM\"},\"resource\":{\"id\":\"2119558395618573823\",\"name\":\"instance-1\",\"type\":\"instance\",\"zone\":\"europe-west2-c\"},\"trace_id\":\"operation-1562915383430-58d76983e4c3e-9da1c4a6-f1ee4089\",\"user_agent\":\"Mozilla/5.0 (Macintosh; Intel Mac OS X 10_14_5) AppleWebKit/537.36 (KHTML, like Gecko) Chrome/75.0.3770.100 Safari/537.36,gzip(gfe)\",\"version\":\"1.2\"},\"labels\":{\"compute.googleapis.com/resource_id\":\"2119558395618573823\",\"compute.googleapis.com/resource_name\":\"instance-1\",\"compute.googleapis.com/resource_type\":\"instance\",\"compute.googleapis.com/resource_zone\":\"europe-west2-c\"},\"logName\":\"projects/dans-project-246409/logs/compute.googleapis.com%2Factivity_log\",\"receiveTimestamp\":\"2019-07-12T07:09:44.023686861Z\",\"resource\":{\"labels\":{\"instance_id\":\"2119558395618573823\",\"project_id\":\"dans-project-246409\",\"zone\":\"europe-west2-c\"},\"type\":\"gce_instance\"},\"severity\":\"INFO\",\"timestamp\":\"2019-07-12T07:09:43.971793Z\"}",  "attributes": {    "logging.googleapis.com/timestamp": "2019-07-12T07:09:43.971793Z"  },  "beat": {    "name": "jzopencollector.localdomain",    "hostname": "jzopencollector.localdomain",    "version": "6.2.2"  }}
{  "@timestamp": "2019-07-12T07:07:39.607Z",  "@metadata": {    "beat": "pubsubbeat",    "type": "doc",    "version": "6.2.2"  },  "publish_time": "2019-07-12T07:09:45.469Z",  "message": "{\"insertId\":\"g3smbwe1psok\",\"logName\":\"projects/dans-project-246409/logs/cloudaudit.googleapis.com%2Factivity\",\"operation\":{\"first\":true,\"id\":\"operation-1562915383430-58d76983e4c3e-9da1c4a6-f1ee4089\",\"producer\":\"type.googleapis.com\"},\"protoPayload\":{\"@type\":\"type.googleapis.com/google.cloud.audit.AuditLog\",\"authenticationInfo\":{\"principalEmail\":\"dan.crossley@gmail.com\"},\"authorizationInfo\":[{\"granted\":true,\"permission\":\"compute.instances.stop\",\"resourceAttributes\":{\"name\":\"projects/dans-project-246409/zones/europe-west2-c/instances/instance-1\",\"service\":\"compute\",\"type\":\"compute.instances\"}}],\"methodName\":\"v1.compute.instances.stop\",\"request\":{\"@type\":\"type.googleapis.com/compute.instances.stop\"},\"requestMetadata\":{\"callerIp\":\"85.255.235.182\",\"callerSuppliedUserAgent\":\"Mozilla/5.0 (Macintosh; Intel Mac OS X 10_14_5) AppleWebKit/537.36 (KHTML, like Gecko) Chrome/75.0.3770.100 Safari/537.36,gzip(gfe)\",\"destinationAttributes\":{},\"requestAttributes\":{\"auth\":{},\"reason\":\"8uSywAY4GjZGb3IgYmFja2dyb3VuZCBvcGVyYXRpb25zIGluIEdvb2dsZSBEZXZlbG9wZXJzIENvbnNvbGU\",\"time\":\"2019-07-12T07:09:44Z\"}},\"resourceLocation\":{\"currentLocations\":[\"europe-west2-c\"]},\"resourceName\":\"projects/dans-project-246409/zones/europe-west2-c/instances/instance-1\",\"response\":{\"@type\":\"type.googleapis.com/operation\",\"id\":\"4023798074047827160\",\"insertTime\":\"2019-07-12T00:09:43.795-07:00\",\"name\":\"operation-1562915383430-58d76983e4c3e-9da1c4a6-f1ee4089\",\"operationType\":\"stop\",\"progress\":\"0\",\"selfLink\":\"https://www.googleapis.com/compute/v1/projects/dans-project-246409/zones/europe-west2-c/operations/operation-1562915383430-58d76983e4c3e-9da1c4a6-f1ee4089\",\"selfLinkWithId\":\"https://www.googleapis.com/compute/v1/projects/dans-project-246409/zones/europe-west2-c/operations/4023798074047827160\",\"startTime\":\"2019-07-12T00:09:43.847-07:00\",\"status\":\"RUNNING\",\"targetId\":\"2119558395618573823\",\"targetLink\":\"https://www.googleapis.com/compute/v1/projects/dans-project-246409/zones/europe-west2-c/instances/instance-1\",\"user\":\"dan.crossley@gmail.com\",\"zone\":\"https://www.googleapis.com/compute/v1/projects/dans-project-246409/zones/europe-west2-c\"},\"serviceName\":\"compute.googleapis.com\"},\"receiveTimestamp\":\"2019-07-12T07:09:44.080561315Z\",\"resource\":{\"labels\":{\"instance_id\":\"2119558395618573823\",\"project_id\":\"dans-project-246409\",\"zone\":\"europe-west2-c\"},\"type\":\"gce_instance\"},\"severity\":\"NOTICE\",\"timestamp\":\"2019-07-12T07:09:43.488Z\"}",  "beat": {    "name": "jzopencollector.localdomain",    "hostname": "jzopencollector.localdomain",    "version": "6.2.2"  },  "attributes": {    "logging.googleapis.com/timestamp": "2019-07-12T07:09:43.488Z"  },  "type": "jzopencollector.localdomain",  "message_id": "613458237490798"}
{  "@timestamp": "2019-07-12T07:07:39.641Z",  "@metadata": {    "beat": "pubsubbeat",    "type": "doc",    "version": "6.2.2"  },  "message_id": "613452696308074",  "beat": {    "name": "jzopencollector.localdomain",    "hostname": "jzopencollector.localdomain",    "version": "6.2.2"  },  "publish_time": "2019-07-12T07:09:45.523Z",  "message": "{\"insertId\":\"g3smbwe1psok\",\"logName\":\"projects/dans-project-246409/logs/cloudaudit.googleapis.com%2Factivity\",\"operation\":{\"first\":true,\"id\":\"operation-1562915383430-58d76983e4c3e-9da1c4a6-f1ee4089\",\"producer\":\"type.googleapis.com\"},\"protoPayload\":{\"@type\":\"type.googleapis.com/google.cloud.audit.AuditLog\",\"authenticationInfo\":{\"principalEmail\":\"dan.crossley@gmail.com\"},\"authorizationInfo\":[{\"granted\":true,\"permission\":\"compute.instances.stop\",\"resourceAttributes\":{\"name\":\"projects/dans-project-246409/zones/europe-west2-c/instances/instance-1\",\"service\":\"compute\",\"type\":\"compute.instances\"}}],\"methodName\":\"v1.compute.instances.stop\",\"request\":{\"@type\":\"type.googleapis.com/compute.instances.stop\"},\"requestMetadata\":{\"callerIp\":\"85.255.235.182\",\"callerSuppliedUserAgent\":\"Mozilla/5.0 (Macintosh; Intel Mac OS X 10_14_5) AppleWebKit/537.36 (KHTML, like Gecko) Chrome/75.0.3770.100 Safari/537.36,gzip(gfe)\",\"destinationAttributes\":{},\"requestAttributes\":{\"auth\":{},\"reason\":\"8uSywAY4GjZGb3IgYmFja2dyb3VuZCBvcGVyYXRpb25zIGluIEdvb2dsZSBEZXZlbG9wZXJzIENvbnNvbGU\",\"time\":\"2019-07-12T07:09:44Z\"}},\"resourceLocation\":{\"currentLocations\":[\"europe-west2-c\"]},\"resourceName\":\"projects/dans-project-246409/zones/europe-west2-c/instances/instance-1\",\"response\":{\"@type\":\"type.googleapis.com/operation\",\"id\":\"4023798074047827160\",\"insertTime\":\"2019-07-12T00:09:43.795-07:00\",\"name\":\"operation-1562915383430-58d76983e4c3e-9da1c4a6-f1ee4089\",\"operationType\":\"stop\",\"progress\":\"0\",\"selfLink\":\"https://www.googleapis.com/compute/v1/projects/dans-project-246409/zones/europe-west2-c/operations/operation-1562915383430-58d76983e4c3e-9da1c4a6-f1ee4089\",\"selfLinkWithId\":\"https://www.googleapis.com/compute/v1/projects/dans-project-246409/zones/europe-west2-c/operations/4023798074047827160\",\"startTime\":\"2019-07-12T00:09:43.847-07:00\",\"status\":\"RUNNING\",\"targetId\":\"2119558395618573823\",\"targetLink\":\"https://www.googleapis.com/compute/v1/projects/dans-project-246409/zones/europe-west2-c/instances/instance-1\",\"user\":\"dan.crossley@gmail.com\",\"zone\":\"https://www.googleapis.com/compute/v1/projects/dans-project-246409/zones/europe-west2-c\"},\"serviceName\":\"compute.googleapis.com\"},\"receiveTimestamp\":\"2019-07-12T07:09:44.080561315Z\",\"resource\":{\"labels\":{\"instance_id\":\"2119558395618573823\",\"project_id\":\"dans-project-246409\",\"zone\":\"europe-west2-c\"},\"type\":\"gce_instance\"},\"severity\":\"NOTICE\",\"timestamp\":\"2019-07-12T07:09:43.488Z\"}",  "attributes": {    "logging.googleapis.com/timestamp": "2019-07-12T07:09:43.488Z"  },  "type": "jzopencollector.localdomain"}
{  "@timestamp": "2019-07-12T07:07:50.901Z",  "@metadata": {    "beat": "pubsubbeat",    "type": "doc",    "version": "6.2.2"  },  "beat": {    "name": "jzopencollector.localdomain",    "hostname": "jzopencollector.localdomain",    "version": "6.2.2"  },  "publish_time": "2019-07-12T07:09:56.852Z",  "message": "{\"insertId\":\"-a9g8k8d4d8s\",\"logName\":\"projects/dans-project-246409/logs/cloudaudit.googleapis.com%2Factivity\",\"operation\":{\"id\":\"operation-1562915383430-58d76983e4c3e-9da1c4a6-f1ee4089\",\"last\":true,\"producer\":\"compute.googleapis.com\"},\"protoPayload\":{\"@type\":\"type.googleapis.com/google.cloud.audit.AuditLog\",\"authenticationInfo\":{\"principalEmail\":\"dan.crossley@gmail.com\"},\"methodName\":\"v1.compute.instances.stop\",\"request\":{\"@type\":\"type.googleapis.com/compute.instances.stop\"},\"requestMetadata\":{\"callerIp\":\"85.255.235.182\",\"callerSuppliedUserAgent\":\"Mozilla/5.0 (Macintosh; Intel Mac OS X 10_14_5) AppleWebKit/537.36 (KHTML, like Gecko) Chrome/75.0.3770.100 Safari/537.36,gzip(gfe)\"},\"resourceName\":\"projects/dans-project-246409/zones/europe-west2-c/instances/instance-1\",\"serviceName\":\"compute.googleapis.com\"},\"receiveTimestamp\":\"2019-07-12T07:09:56.22104416Z\",\"resource\":{\"labels\":{\"instance_id\":\"2119558395618573823\",\"project_id\":\"dans-project-246409\",\"zone\":\"europe-west2-c\"},\"type\":\"gce_instance\"},\"severity\":\"NOTICE\",\"timestamp\":\"2019-07-12T07:09:56.058Z\"}",  "attributes": {    "logging.googleapis.com/timestamp": "2019-07-12T07:09:56.058Z"  },  "type": "jzopencollector.localdomain",  "message_id": "613458125045346"}
{  "@timestamp": "2019-07-12T07:07:50.901Z",  "@metadata": {    "beat": "pubsubbeat",    "type": "doc",    "version": "6.2.2"  },  "message_id": "613454474980523",  "publish_time": "2019-07-12T07:09:56.852Z",  "message": "{\"insertId\":\"tp3im0f97p45s\",\"jsonPayload\":{\"actor\":{\"user\":\"dan.crossley@gmail.com\"},\"event_subtype\":\"compute.instances.stop\",\"event_timestamp_us\":\"1562915396146731\",\"event_type\":\"GCE_OPERATION_DONE\",\"operation\":{\"id\":\"4023798074047827160\",\"name\":\"operation-1562915383430-58d76983e4c3e-9da1c4a6-f1ee4089\",\"type\":\"operation\",\"zone\":\"europe-west2-c\"},\"resource\":{\"id\":\"2119558395618573823\",\"name\":\"instance-1\",\"type\":\"instance\",\"zone\":\"europe-west2-c\"},\"trace_id\":\"operation-1562915383430-58d76983e4c3e-9da1c4a6-f1ee4089\",\"version\":\"1.2\"},\"labels\":{\"compute.googleapis.com/resource_id\":\"2119558395618573823\",\"compute.googleapis.com/resource_name\":\"instance-1\",\"compute.googleapis.com/resource_type\":\"instance\",\"compute.googleapis.com/resource_zone\":\"europe-west2-c\"},\"logName\":\"projects/dans-project-246409/logs/compute.googleapis.com%2Factivity_log\",\"receiveTimestamp\":\"2019-07-12T07:09:56.203519145Z\",\"resource\":{\"labels\":{\"instance_id\":\"2119558395618573823\",\"project_id\":\"dans-project-246409\",\"zone\":\"europe-west2-c\"},\"type\":\"gce_instance\"},\"severity\":\"INFO\",\"timestamp\":\"2019-07-12T07:09:56.146731Z\"}",  "attributes": {    "logging.googleapis.com/timestamp": "2019-07-12T07:09:56.146731Z"  },  "beat": {    "name": "jzopencollector.localdomain",    "hostname": "jzopencollector.localdomain",    "version": "6.2.2"  },  "type": "jzopencollector.localdomain"}
{  "@timestamp": "2019-07-12T07:07:50.901Z",  "@metadata": {    "beat": "pubsubbeat",    "type": "doc",    "version": "6.2.2"  },  "message": "{\"insertId\":\"tp3im0f97p45s\",\"jsonPayload\":{\"actor\":{\"user\":\"dan.crossley@gmail.com\"},\"event_subtype\":\"compute.instances.stop\",\"event_timestamp_us\":\"1562915396146731\",\"event_type\":\"GCE_OPERATION_DONE\",\"operation\":{\"id\":\"4023798074047827160\",\"name\":\"operation-1562915383430-58d76983e4c3e-9da1c4a6-f1ee4089\",\"type\":\"operation\",\"zone\":\"europe-west2-c\"},\"resource\":{\"id\":\"2119558395618573823\",\"name\":\"instance-1\",\"type\":\"instance\",\"zone\":\"europe-west2-c\"},\"trace_id\":\"operation-1562915383430-58d76983e4c3e-9da1c4a6-f1ee4089\",\"version\":\"1.2\"},\"labels\":{\"compute.googleapis.com/resource_id\":\"2119558395618573823\",\"compute.googleapis.com/resource_name\":\"instance-1\",\"compute.googleapis.com/resource_type\":\"instance\",\"compute.googleapis.com/resource_zone\":\"europe-west2-c\"},\"logName\":\"projects/dans-project-246409/logs/compute.googleapis.com%2Factivity_log\",\"receiveTimestamp\":\"2019-07-12T07:09:56.203519145Z\",\"resource\":{\"labels\":{\"instance_id\":\"2119558395618573823\",\"project_id\":\"dans-project-246409\",\"zone\":\"europe-west2-c\"},\"type\":\"gce_instance\"},\"severity\":\"INFO\",\"timestamp\":\"2019-07-12T07:09:56.146731Z\"}",  "attributes": {    "logging.googleapis.com/timestamp": "2019-07-12T07:09:56.146731Z"  },  "beat": {    "name": "jzopencollector.localdomain",    "hostname": "jzopencollector.localdomain",    "version": "6.2.2"  },  "type": "jzopencollector.localdomain",  "message_id": "613457378291360",  "publish_time": "2019-07-12T07:09:56.852Z"}
{  "@timestamp": "2019-07-12T07:07:50.983Z",  "@metadata": {    "beat": "pubsubbeat",    "type": "doc",    "version": "6.2.2"  },  "message": "{\"insertId\":\"-a9g8k8d4d8s\",\"logName\":\"projects/dans-project-246409/logs/cloudaudit.googleapis.com%2Factivity\",\"operation\":{\"id\":\"operation-1562915383430-58d76983e4c3e-9da1c4a6-f1ee4089\",\"last\":true,\"producer\":\"compute.googleapis.com\"},\"protoPayload\":{\"@type\":\"type.googleapis.com/google.cloud.audit.AuditLog\",\"authenticationInfo\":{\"principalEmail\":\"dan.crossley@gmail.com\"},\"methodName\":\"v1.compute.instances.stop\",\"request\":{\"@type\":\"type.googleapis.com/compute.instances.stop\"},\"requestMetadata\":{\"callerIp\":\"85.255.235.182\",\"callerSuppliedUserAgent\":\"Mozilla/5.0 (Macintosh; Intel Mac OS X 10_14_5) AppleWebKit/537.36 (KHTML, like Gecko) Chrome/75.0.3770.100 Safari/537.36,gzip(gfe)\"},\"resourceName\":\"projects/dans-project-246409/zones/europe-west2-c/instances/instance-1\",\"serviceName\":\"compute.googleapis.com\"},\"receiveTimestamp\":\"2019-07-12T07:09:56.22104416Z\",\"resource\":{\"labels\":{\"instance_id\":\"2119558395618573823\",\"project_id\":\"dans-project-246409\",\"zone\":\"europe-west2-c\"},\"type\":\"gce_instance\"},\"severity\":\"NOTICE\",\"timestamp\":\"2019-07-12T07:09:56.058Z\"}",  "attributes": {    "logging.googleapis.com/timestamp": "2019-07-12T07:09:56.058Z"  },  "type": "jzopencollector.localdomain",  "message_id": "613453707849079",  "publish_time": "2019-07-12T07:09:56.937Z",  "beat": {    "name": "jzopencollector.localdomain",    "hostname": "jzopencollector.localdomain",    "version": "6.2.2"  }}
{  "@timestamp": "2019-07-12T07:19:11.921Z",  "@metadata": {    "beat": "pubsubbeat",    "type": "doc",    "version": "6.2.2"  },  "message_id": "613460327833795",  "publish_time": "2019-07-12T07:21:17.763Z",  "beat": {    "name": "jzopencollector.localdomain",    "hostname": "jzopencollector.localdomain",    "version": "6.2.2"  },  "message": "{\"insertId\":\"a9myvmf8fsy1l\",\"jsonPayload\":{\"actor\":{\"user\":\"dan.crossley@gmail.com\"},\"event_subtype\":\"compute.instances.start\",\"event_timestamp_us\":\"1562916076921609\",\"event_type\":\"GCE_API_CALL\",\"ip_address\":\"\",\"operation\":{\"id\":\"1195584250188237315\",\"name\":\"operation-1562916075887-58d76c1845d34-2795c3c3-060dbbc0\",\"type\":\"operation\",\"zone\":\"europe-west2-c\"},\"request\":{\"body\":\"null\",\"url\":\"https://www.googleapis.com/compute/v1/projects/dans-project-246409/zones/europe-west2-c/instances/instance-1/start?key=AIzaSyDSodt0Zfdm6HAYoNjRFro8odqM5qeppJM\"},\"resource\":{\"id\":\"2119558395618573823\",\"name\":\"instance-1\",\"type\":\"instance\",\"zone\":\"europe-west2-c\"},\"trace_id\":\"operation-1562916075887-58d76c1845d34-2795c3c3-060dbbc0\",\"user_agent\":\"Mozilla/5.0 (Macintosh; Intel Mac OS X 10_14_5) AppleWebKit/537.36 (KHTML, like Gecko) Chrome/75.0.3770.100 Safari/537.36,gzip(gfe)\",\"version\":\"1.2\"},\"labels\":{\"compute.googleapis.com/resource_id\":\"2119558395618573823\",\"compute.googleapis.com/resource_name\":\"instance-1\",\"compute.googleapis.com/resource_type\":\"instance\",\"compute.googleapis.com/resource_zone\":\"europe-west2-c\"},\"logName\":\"projects/dans-project-246409/logs/compute.googleapis.com%2Factivity_log\",\"receiveTimestamp\":\"2019-07-12T07:21:16.946031062Z\",\"resource\":{\"labels\":{\"instance_id\":\"2119558395618573823\",\"project_id\":\"dans-project-246409\",\"zone\":\"europe-west2-c\"},\"type\":\"gce_instance\"},\"severity\":\"INFO\",\"timestamp\":\"2019-07-12T07:21:16.921609Z\"}",  "attributes": {    "logging.googleapis.com/timestamp": "2019-07-12T07:21:16.921609Z"  },  "type": "jzopencollector.localdomain"}
{  "@timestamp": "2019-07-12T07:19:11.922Z",  "@metadata": {    "beat": "pubsubbeat",    "type": "doc",    "version": "6.2.2"  },  "type": "jzopencollector.localdomain",  "message_id": "613461528419381",  "publish_time": "2019-07-12T07:21:17.673Z",  "message": "{\"insertId\":\"a9myvmf8fsy1l\",\"jsonPayload\":{\"actor\":{\"user\":\"dan.crossley@gmail.com\"},\"event_subtype\":\"compute.instances.start\",\"event_timestamp_us\":\"1562916076921609\",\"event_type\":\"GCE_API_CALL\",\"ip_address\":\"\",\"operation\":{\"id\":\"1195584250188237315\",\"name\":\"operation-1562916075887-58d76c1845d34-2795c3c3-060dbbc0\",\"type\":\"operation\",\"zone\":\"europe-west2-c\"},\"request\":{\"body\":\"null\",\"url\":\"https://www.googleapis.com/compute/v1/projects/dans-project-246409/zones/europe-west2-c/instances/instance-1/start?key=AIzaSyDSodt0Zfdm6HAYoNjRFro8odqM5qeppJM\"},\"resource\":{\"id\":\"2119558395618573823\",\"name\":\"instance-1\",\"type\":\"instance\",\"zone\":\"europe-west2-c\"},\"trace_id\":\"operation-1562916075887-58d76c1845d34-2795c3c3-060dbbc0\",\"user_agent\":\"Mozilla/5.0 (Macintosh; Intel Mac OS X 10_14_5) AppleWebKit/537.36 (KHTML, like Gecko) Chrome/75.0.3770.100 Safari/537.36,gzip(gfe)\",\"version\":\"1.2\"},\"labels\":{\"compute.googleapis.com/resource_id\":\"2119558395618573823\",\"compute.googleapis.com/resource_name\":\"instance-1\",\"compute.googleapis.com/resource_type\":\"instance\",\"compute.googleapis.com/resource_zone\":\"europe-west2-c\"},\"logName\":\"projects/dans-project-246409/logs/compute.googleapis.com%2Factivity_log\",\"receiveTimestamp\":\"2019-07-12T07:21:16.946031062Z\",\"resource\":{\"labels\":{\"instance_id\":\"2119558395618573823\",\"project_id\":\"dans-project-246409\",\"zone\":\"europe-west2-c\"},\"type\":\"gce_instance\"},\"severity\":\"INFO\",\"timestamp\":\"2019-07-12T07:21:16.921609Z\"}",  "attributes": {    "logging.googleapis.com/timestamp": "2019-07-12T07:21:16.921609Z"  },  "beat": {    "name": "jzopencollector.localdomain",    "hostname": "jzopencollector.localdomain",    "version": "6.2.2"  }}
{  "@timestamp": "2019-07-12T07:19:13.217Z",  "@metadata": {    "beat": "pubsubbeat",    "type": "doc",    "version": "6.2.2"  },  "beat": {    "hostname": "jzopencollector.localdomain",    "version": "6.2.2",    "name": "jzopencollector.localdomain"  },  "type": "jzopencollector.localdomain",  "message_id": "613460841600679",  "publish_time": "2019-07-12T07:21:19.113Z",  "message": "{\"insertId\":\"-q2n9gie1quuy\",\"logName\":\"projects/dans-project-246409/logs/cloudaudit.googleapis.com%2Factivity\",\"operation\":{\"first\":true,\"id\":\"operation-1562916075887-58d76c1845d34-2795c3c3-060dbbc0\",\"producer\":\"type.googleapis.com\"},\"protoPayload\":{\"@type\":\"type.googleapis.com/google.cloud.audit.AuditLog\",\"authenticationInfo\":{\"principalEmail\":\"dan.crossley@gmail.com\"},\"authorizationInfo\":[{\"granted\":true,\"permission\":\"compute.instances.start\",\"resourceAttributes\":{\"name\":\"projects/dans-project-246409/zones/europe-west2-c/instances/instance-1\",\"service\":\"compute\",\"type\":\"compute.instances\"}}],\"methodName\":\"v1.compute.instances.start\",\"request\":{\"@type\":\"type.googleapis.com/compute.instances.start\"},\"requestMetadata\":{\"callerIp\":\"85.255.235.182\",\"callerSuppliedUserAgent\":\"Mozilla/5.0 (Macintosh; Intel Mac OS X 10_14_5) AppleWebKit/537.36 (KHTML, like Gecko) Chrome/75.0.3770.100 Safari/537.36,gzip(gfe)\",\"destinationAttributes\":{},\"requestAttributes\":{\"auth\":{},\"reason\":\"8uSywAY4GjZGb3IgYmFja2dyb3VuZCBvcGVyYXRpb25zIGluIEdvb2dsZSBEZXZlbG9wZXJzIENvbnNvbGU\",\"time\":\"2019-07-12T07:21:16.94Z\"}},\"resourceLocation\":{\"currentLocations\":[\"europe-west2-c\"]},\"resourceName\":\"projects/dans-project-246409/zones/europe-west2-c/instances/instance-1\",\"response\":{\"@type\":\"type.googleapis.com/operation\",\"id\":\"1195584250188237315\",\"insertTime\":\"2019-07-12T00:21:16.739-07:00\",\"name\":\"operation-1562916075887-58d76c1845d34-2795c3c3-060dbbc0\",\"operationType\":\"start\",\"progress\":\"0\",\"selfLink\":\"https://www.googleapis.com/compute/v1/projects/dans-project-246409/zones/europe-west2-c/operations/operation-1562916075887-58d76c1845d34-2795c3c3-060dbbc0\",\"selfLinkWithId\":\"https://www.googleapis.com/compute/v1/projects/dans-project-246409/zones/europe-west2-c/operations/1195584250188237315\",\"startTime\":\"2019-07-12T00:21:16.793-07:00\",\"status\":\"RUNNING\",\"targetId\":\"2119558395618573823\",\"targetLink\":\"https://www.googleapis.com/compute/v1/projects/dans-project-246409/zones/europe-west2-c/instances/instance-1\",\"user\":\"dan.crossley@gmail.com\",\"zone\":\"https://www.googleapis.com/compute/v1/projects/dans-project-246409/zones/europe-west2-c\"},\"serviceName\":\"compute.googleapis.com\"},\"receiveTimestamp\":\"2019-07-12T07:21:17.305066363Z\",\"resource\":{\"labels\":{\"instance_id\":\"2119558395618573823\",\"project_id\":\"dans-project-246409\",\"zone\":\"europe-west2-c\"},\"type\":\"gce_instance\"},\"severity\":\"NOTICE\",\"timestamp\":\"2019-07-12T07:21:16.193Z\"}",  "attributes": {    "logging.googleapis.com/timestamp": "2019-07-12T07:21:16.193Z"  }}
{  "@timestamp": "2019-07-12T07:19:13.341Z",  "@metadata": {    "beat": "pubsubbeat",    "type": "doc",    "version": "6.2.2"  },  "type": "jzopencollector.localdomain",  "message_id": "613460413884222",  "publish_time": "2019-07-12T07:21:19.136Z",  "message": "{\"insertId\":\"-q2n9gie1quuy\",\"logName\":\"projects/dans-project-246409/logs/cloudaudit.googleapis.com%2Factivity\",\"operation\":{\"first\":true,\"id\":\"operation-1562916075887-58d76c1845d34-2795c3c3-060dbbc0\",\"producer\":\"type.googleapis.com\"},\"protoPayload\":{\"@type\":\"type.googleapis.com/google.cloud.audit.AuditLog\",\"authenticationInfo\":{\"principalEmail\":\"dan.crossley@gmail.com\"},\"authorizationInfo\":[{\"granted\":true,\"permission\":\"compute.instances.start\",\"resourceAttributes\":{\"name\":\"projects/dans-project-246409/zones/europe-west2-c/instances/instance-1\",\"service\":\"compute\",\"type\":\"compute.instances\"}}],\"methodName\":\"v1.compute.instances.start\",\"request\":{\"@type\":\"type.googleapis.com/compute.instances.start\"},\"requestMetadata\":{\"callerIp\":\"85.255.235.182\",\"callerSuppliedUserAgent\":\"Mozilla/5.0 (Macintosh; Intel Mac OS X 10_14_5) AppleWebKit/537.36 (KHTML, like Gecko) Chrome/75.0.3770.100 Safari/537.36,gzip(gfe)\",\"destinationAttributes\":{},\"requestAttributes\":{\"auth\":{},\"reason\":\"8uSywAY4GjZGb3IgYmFja2dyb3VuZCBvcGVyYXRpb25zIGluIEdvb2dsZSBEZXZlbG9wZXJzIENvbnNvbGU\",\"time\":\"2019-07-12T07:21:16.94Z\"}},\"resourceLocation\":{\"currentLocations\":[\"europe-west2-c\"]},\"resourceName\":\"projects/dans-project-246409/zones/europe-west2-c/instances/instance-1\",\"response\":{\"@type\":\"type.googleapis.com/operation\",\"id\":\"1195584250188237315\",\"insertTime\":\"2019-07-12T00:21:16.739-07:00\",\"name\":\"operation-1562916075887-58d76c1845d34-2795c3c3-060dbbc0\",\"operationType\":\"start\",\"progress\":\"0\",\"selfLink\":\"https://www.googleapis.com/compute/v1/projects/dans-project-246409/zones/europe-west2-c/operations/operation-1562916075887-58d76c1845d34-2795c3c3-060dbbc0\",\"selfLinkWithId\":\"https://www.googleapis.com/compute/v1/projects/dans-project-246409/zones/europe-west2-c/operations/1195584250188237315\",\"startTime\":\"2019-07-12T00:21:16.793-07:00\",\"status\":\"RUNNING\",\"targetId\":\"2119558395618573823\",\"targetLink\":\"https://www.googleapis.com/compute/v1/projects/dans-project-246409/zones/europe-west2-c/instances/instance-1\",\"user\":\"dan.crossley@gmail.com\",\"zone\":\"https://www.googleapis.com/compute/v1/projects/dans-project-246409/zones/europe-west2-c\"},\"serviceName\":\"compute.googleapis.com\"},\"receiveTimestamp\":\"2019-07-12T07:21:17.305066363Z\",\"resource\":{\"labels\":{\"instance_id\":\"2119558395618573823\",\"project_id\":\"dans-project-246409\",\"zone\":\"europe-west2-c\"},\"type\":\"gce_instance\"},\"severity\":\"NOTICE\",\"timestamp\":\"2019-07-12T07:21:16.193Z\"}",  "beat": {    "name": "jzopencollector.localdomain",    "hostname": "jzopencollector.localdomain",    "version": "6.2.2"  },  "attributes": {    "logging.googleapis.com/timestamp": "2019-07-12T07:21:16.193Z"  }}
{  "@timestamp": "2019-07-12T07:19:15.448Z",  "@metadata": {    "beat": "pubsubbeat",    "type": "doc",    "version": "6.2.2"  },  "message": "{\"insertId\":\"yoo9tffaczr7d\",\"jsonPayload\":{\"actor\":{\"user\":\"dan.crossley@gmail.com\"},\"event_subtype\":\"compute.instances.start\",\"event_timestamp_us\":\"1562916080488693\",\"event_type\":\"GCE_OPERATION_DONE\",\"operation\":{\"id\":\"1195584250188237315\",\"name\":\"operation-1562916075887-58d76c1845d34-2795c3c3-060dbbc0\",\"type\":\"operation\",\"zone\":\"europe-west2-c\"},\"resource\":{\"id\":\"2119558395618573823\",\"name\":\"instance-1\",\"type\":\"instance\",\"zone\":\"europe-west2-c\"},\"trace_id\":\"operation-1562916075887-58d76c1845d34-2795c3c3-060dbbc0\",\"version\":\"1.2\"},\"labels\":{\"compute.googleapis.com/resource_id\":\"2119558395618573823\",\"compute.googleapis.com/resource_name\":\"instance-1\",\"compute.googleapis.com/resource_type\":\"instance\",\"compute.googleapis.com/resource_zone\":\"europe-west2-c\"},\"logName\":\"projects/dans-project-246409/logs/compute.googleapis.com%2Factivity_log\",\"receiveTimestamp\":\"2019-07-12T07:21:20.542624316Z\",\"resource\":{\"labels\":{\"instance_id\":\"2119558395618573823\",\"project_id\":\"dans-project-246409\",\"zone\":\"europe-west2-c\"},\"type\":\"gce_instance\"},\"severity\":\"INFO\",\"timestamp\":\"2019-07-12T07:21:20.488693Z\"}",  "attributes": {    "logging.googleapis.com/timestamp": "2019-07-12T07:21:20.488693Z"  },  "beat": {    "name": "jzopencollector.localdomain",    "hostname": "jzopencollector.localdomain",    "version": "6.2.2"  },  "type": "jzopencollector.localdomain",  "message_id": "613460325673574",  "publish_time": "2019-07-12T07:21:21.367Z"}
{  "@timestamp": "2019-07-12T07:19:15.448Z",  "@metadata": {    "beat": "pubsubbeat",    "type": "doc",    "version": "6.2.2"  },  "message": "{\"insertId\":\"yoo9tffaczr7d\",\"jsonPayload\":{\"actor\":{\"user\":\"dan.crossley@gmail.com\"},\"event_subtype\":\"compute.instances.start\",\"event_timestamp_us\":\"1562916080488693\",\"event_type\":\"GCE_OPERATION_DONE\",\"operation\":{\"id\":\"1195584250188237315\",\"name\":\"operation-1562916075887-58d76c1845d34-2795c3c3-060dbbc0\",\"type\":\"operation\",\"zone\":\"europe-west2-c\"},\"resource\":{\"id\":\"2119558395618573823\",\"name\":\"instance-1\",\"type\":\"instance\",\"zone\":\"europe-west2-c\"},\"trace_id\":\"operation-1562916075887-58d76c1845d34-2795c3c3-060dbbc0\",\"version\":\"1.2\"},\"labels\":{\"compute.googleapis.com/resource_id\":\"2119558395618573823\",\"compute.googleapis.com/resource_name\":\"instance-1\",\"compute.googleapis.com/resource_type\":\"instance\",\"compute.googleapis.com/resource_zone\":\"europe-west2-c\"},\"logName\":\"projects/dans-project-246409/logs/compute.googleapis.com%2Factivity_log\",\"receiveTimestamp\":\"2019-07-12T07:21:20.542624316Z\",\"resource\":{\"labels\":{\"instance_id\":\"2119558395618573823\",\"project_id\":\"dans-project-246409\",\"zone\":\"europe-west2-c\"},\"type\":\"gce_instance\"},\"severity\":\"INFO\",\"timestamp\":\"2019-07-12T07:21:20.488693Z\"}",  "attributes": {    "logging.googleapis.com/timestamp": "2019-07-12T07:21:20.488693Z"  },  "type": "jzopencollector.localdomain",  "message_id": "613460129344134",  "beat": {    "name": "jzopencollector.localdomain",    "hostname": "jzopencollector.localdomain",    "version": "6.2.2"  },  "publish_time": "2019-07-12T07:21:21.367Z"}
{  "@timestamp": "2019-07-12T07:19:16.784Z",  "@metadata": {    "beat": "pubsubbeat",    "type": "doc",    "version": "6.2.2"  },  "message": "{\"insertId\":\"-a9g8k8d4dg8\",\"logName\":\"projects/dans-project-246409/logs/cloudaudit.googleapis.com%2Factivity\",\"operation\":{\"id\":\"operation-1562916075887-58d76c1845d34-2795c3c3-060dbbc0\",\"last\":true,\"producer\":\"compute.googleapis.com\"},\"protoPayload\":{\"@type\":\"type.googleapis.com/google.cloud.audit.AuditLog\",\"authenticationInfo\":{\"principalEmail\":\"dan.crossley@gmail.com\"},\"methodName\":\"v1.compute.instances.start\",\"request\":{\"@type\":\"type.googleapis.com/compute.instances.start\"},\"requestMetadata\":{\"callerIp\":\"85.255.235.182\",\"callerSuppliedUserAgent\":\"Mozilla/5.0 (Macintosh; Intel Mac OS X 10_14_5) AppleWebKit/537.36 (KHTML, like Gecko) Chrome/75.0.3770.100 Safari/537.36,gzip(gfe)\"},\"resourceName\":\"projects/dans-project-246409/zones/europe-west2-c/instances/instance-1\",\"serviceName\":\"compute.googleapis.com\"},\"receiveTimestamp\":\"2019-07-12T07:21:21.310890701Z\",\"resource\":{\"labels\":{\"instance_id\":\"2119558395618573823\",\"project_id\":\"dans-project-246409\",\"zone\":\"europe-west2-c\"},\"type\":\"gce_instance\"},\"severity\":\"NOTICE\",\"timestamp\":\"2019-07-12T07:21:20.401Z\"}",  "attributes": {    "logging.googleapis.com/timestamp": "2019-07-12T07:21:20.401Z"  },  "type": "jzopencollector.localdomain",  "message_id": "613459733555467",  "publish_time": "2019-07-12T07:21:22.657Z",  "beat": {    "name": "jzopencollector.localdomain",    "hostname": "jzopencollector.localdomain",    "version": "6.2.2"  }}
{  "@timestamp": "2019-07-12T07:19:16.935Z",  "@metadata": {    "beat": "pubsubbeat",    "type": "doc",    "version": "6.2.2"  },  "type": "jzopencollector.localdomain",  "message_id": "613460337040634",  "publish_time": "2019-07-12T07:21:22.553Z",  "message": "{\"insertId\":\"-a9g8k8d4dg8\",\"logName\":\"projects/dans-project-246409/logs/cloudaudit.googleapis.com%2Factivity\",\"operation\":{\"id\":\"operation-1562916075887-58d76c1845d34-2795c3c3-060dbbc0\",\"last\":true,\"producer\":\"compute.googleapis.com\"},\"protoPayload\":{\"@type\":\"type.googleapis.com/google.cloud.audit.AuditLog\",\"authenticationInfo\":{\"principalEmail\":\"dan.crossley@gmail.com\"},\"methodName\":\"v1.compute.instances.start\",\"request\":{\"@type\":\"type.googleapis.com/compute.instances.start\"},\"requestMetadata\":{\"callerIp\":\"85.255.235.182\",\"callerSuppliedUserAgent\":\"Mozilla/5.0 (Macintosh; Intel Mac OS X 10_14_5) AppleWebKit/537.36 (KHTML, like Gecko) Chrome/75.0.3770.100 Safari/537.36,gzip(gfe)\"},\"resourceName\":\"projects/dans-project-246409/zones/europe-west2-c/instances/instance-1\",\"serviceName\":\"compute.googleapis.com\"},\"receiveTimestamp\":\"2019-07-12T07:21:21.310890701Z\",\"resource\":{\"labels\":{\"instance_id\":\"2119558395618573823\",\"project_id\":\"dans-project-246409\",\"zone\":\"europe-west2-c\"},\"type\":\"gce_instance\"},\"severity\":\"NOTICE\",\"timestamp\":\"2019-07-12T07:21:20.401Z\"}",  "attributes": {    "logging.googleapis.com/timestamp": "2019-07-12T07:21:20.401Z"  },  "beat": {    "name": "jzopencollector.localdomain",    "hostname": "jzopencollector.localdomain",    "version": "6.2.2"  }}